--------------------------------------------------------
--  File created - Tuesday-April-19-2022   
--------------------------------------------------------
DROP TABLE "MALAK"."TABLEBONUS" cascade constraints;
DROP TABLE "MALAK"."STATISTIQUES" cascade constraints;
DROP TABLE "MALAK"."LOCATION" cascade constraints;
DROP TABLE "MALAK"."INDIVIDU" cascade constraints;
DROP TABLE "MALAK"."FILM" cascade constraints;
DROP TABLE "MALAK"."EXEMPLAIRE" cascade constraints;
DROP TABLE "MALAK"."CLIENT" cascade constraints;
DROP TABLE "MALAK"."CLIENT" cascade constraints;
DROP TABLE "MALAK"."FILM" cascade constraints;
DROP TABLE "MALAK"."EXEMPLAIRE" cascade constraints;
DROP TABLE "MALAK"."INDIVIDU" cascade constraints;
DROP TABLE "MALAK"."LOCATION" cascade constraints;
--------------------------------------------------------
--  DDL for Table TABLEBONUS
--------------------------------------------------------

  CREATE TABLE "MALAK"."TABLEBONUS" 
   (	"LOGIN" VARCHAR2(20 BYTE), 
	"BONUS" NUMBER(8,2), 
	"NBREXLOUES" NUMBER(8,0)
   ) SEGMENT CREATION IMMEDIATE 
  PCTFREE 10 PCTUSED 40 INITRANS 1 MAXTRANS 255 
 NOCOMPRESS LOGGING
  STORAGE(INITIAL 65536 NEXT 1048576 MINEXTENTS 1 MAXEXTENTS 2147483645
  PCTINCREASE 0 FREELISTS 1 FREELIST GROUPS 1
  BUFFER_POOL DEFAULT FLASH_CACHE DEFAULT CELL_FLASH_CACHE DEFAULT)
  TABLESPACE "USERS" ;
--------------------------------------------------------
--  DDL for Table STATISTIQUES
--------------------------------------------------------

  CREATE TABLE "MALAK"."STATISTIQUES" 
   (	"NUMFILM" VARCHAR2(20 BYTE), 
	"NBREX" NUMBER(8,0), 
	"PCTGEDVD" FLOAT(126), 
	"PCTGEVHS" FLOAT(126)
   ) SEGMENT CREATION DEFERRED 
  PCTFREE 10 PCTUSED 40 INITRANS 1 MAXTRANS 255 
 NOCOMPRESS LOGGING
  TABLESPACE "USERS" ;
--------------------------------------------------------
--  DDL for Table LOCATION
--------------------------------------------------------

  CREATE TABLE "MALAK"."LOCATION" 
   (	"NUMEXEMPLAIRE" NUMBER, 
	"DATELOCATION" DATE, 
	"LOGIN" VARCHAR2(20 BYTE), 
	"DATEENVOI" DATE, 
	"DATERETOUR" DATE
   ) SEGMENT CREATION IMMEDIATE 
  PCTFREE 10 PCTUSED 40 INITRANS 1 MAXTRANS 255 
 NOCOMPRESS LOGGING
  STORAGE(INITIAL 65536 NEXT 1048576 MINEXTENTS 1 MAXEXTENTS 2147483645
  PCTINCREASE 0 FREELISTS 1 FREELIST GROUPS 1
  BUFFER_POOL DEFAULT FLASH_CACHE DEFAULT CELL_FLASH_CACHE DEFAULT)
  TABLESPACE "USERS" ;
--------------------------------------------------------
--  DDL for Table INDIVIDU
--------------------------------------------------------

  CREATE TABLE "MALAK"."INDIVIDU" 
   (	"NUMINDIVIDU" VARCHAR2(20 BYTE), 
	"NOMINDIVIDU" VARCHAR2(20 BYTE), 
	"PRENOMINDIVIDU" VARCHAR2(20 BYTE)
   ) SEGMENT CREATION IMMEDIATE 
  PCTFREE 10 PCTUSED 40 INITRANS 1 MAXTRANS 255 
 NOCOMPRESS LOGGING
  STORAGE(INITIAL 65536 NEXT 1048576 MINEXTENTS 1 MAXEXTENTS 2147483645
  PCTINCREASE 0 FREELISTS 1 FREELIST GROUPS 1
  BUFFER_POOL DEFAULT FLASH_CACHE DEFAULT CELL_FLASH_CACHE DEFAULT)
  TABLESPACE "USERS" ;
--------------------------------------------------------
--  DDL for Table FILM
--------------------------------------------------------

  CREATE TABLE "MALAK"."FILM" 
   (	"NUMFILM" VARCHAR2(20 BYTE), 
	"TITRE" VARCHAR2(20 BYTE), 
	"REALISATEUR" VARCHAR2(20 BYTE)
   ) SEGMENT CREATION IMMEDIATE 
  PCTFREE 10 PCTUSED 40 INITRANS 1 MAXTRANS 255 
 NOCOMPRESS LOGGING
  STORAGE(INITIAL 65536 NEXT 1048576 MINEXTENTS 1 MAXEXTENTS 2147483645
  PCTINCREASE 0 FREELISTS 1 FREELIST GROUPS 1
  BUFFER_POOL DEFAULT FLASH_CACHE DEFAULT CELL_FLASH_CACHE DEFAULT)
  TABLESPACE "USERS" ;
--------------------------------------------------------
--  DDL for Table EXEMPLAIRE
--------------------------------------------------------

  CREATE TABLE "MALAK"."EXEMPLAIRE" 
   (	"NUMEXEMPLAIRE" NUMBER, 
	"NUMFILM" VARCHAR2(20 BYTE), 
	"CODESUPPORT" VARCHAR2(20 BYTE), 
	"VO" VARCHAR2(20 BYTE), 
	"PROBLEME" VARCHAR2(20 BYTE), 
	"DETAILSUPPORT" VARCHAR2(20 BYTE)
   ) SEGMENT CREATION IMMEDIATE 
  PCTFREE 10 PCTUSED 40 INITRANS 1 MAXTRANS 255 
 NOCOMPRESS LOGGING
  STORAGE(INITIAL 65536 NEXT 1048576 MINEXTENTS 1 MAXEXTENTS 2147483645
  PCTINCREASE 0 FREELISTS 1 FREELIST GROUPS 1
  BUFFER_POOL DEFAULT FLASH_CACHE DEFAULT CELL_FLASH_CACHE DEFAULT)
  TABLESPACE "USERS" ;
--------------------------------------------------------
--  DDL for Table CLIENT
--------------------------------------------------------

  CREATE TABLE "MALAK"."CLIENT" 
   (	"LOGIN" VARCHAR2(20 BYTE), 
	"NOMCLIENT" VARCHAR2(20 BYTE), 
	"PRENOMCLIENT" VARCHAR2(20 BYTE), 
	"MOTDEPASSE" VARCHAR2(20 BYTE), 
	"ADRESSE" VARCHAR2(20 BYTE)
   ) SEGMENT CREATION IMMEDIATE 
  PCTFREE 10 PCTUSED 40 INITRANS 1 MAXTRANS 255 
 NOCOMPRESS LOGGING
  STORAGE(INITIAL 65536 NEXT 1048576 MINEXTENTS 1 MAXEXTENTS 2147483645
  PCTINCREASE 0 FREELISTS 1 FREELIST GROUPS 1
  BUFFER_POOL DEFAULT FLASH_CACHE DEFAULT CELL_FLASH_CACHE DEFAULT)
  TABLESPACE "USERS" ;
--------------------------------------------------------
--  DDL for Table CLIENT
--------------------------------------------------------

  CREATE TABLE "MALAK"."CLIENT" 
   (	"LOGIN" VARCHAR2(20 BYTE), 
	"NOMCLIENT" VARCHAR2(20 BYTE), 
	"PRENOMCLIENT" VARCHAR2(20 BYTE), 
	"MOTDEPASSE" VARCHAR2(20 BYTE), 
	"ADRESSE" VARCHAR2(20 BYTE)
   ) SEGMENT CREATION IMMEDIATE 
  PCTFREE 10 PCTUSED 40 INITRANS 1 MAXTRANS 255 
 NOCOMPRESS LOGGING
  STORAGE(INITIAL 65536 NEXT 1048576 MINEXTENTS 1 MAXEXTENTS 2147483645
  PCTINCREASE 0 FREELISTS 1 FREELIST GROUPS 1
  BUFFER_POOL DEFAULT FLASH_CACHE DEFAULT CELL_FLASH_CACHE DEFAULT)
  TABLESPACE "USERS" ;
--------------------------------------------------------
--  DDL for Table FILM
--------------------------------------------------------

  CREATE TABLE "MALAK"."FILM" 
   (	"NUMFILM" VARCHAR2(20 BYTE), 
	"TITRE" VARCHAR2(20 BYTE), 
	"REALISATEUR" VARCHAR2(20 BYTE)
   ) SEGMENT CREATION IMMEDIATE 
  PCTFREE 10 PCTUSED 40 INITRANS 1 MAXTRANS 255 
 NOCOMPRESS LOGGING
  STORAGE(INITIAL 65536 NEXT 1048576 MINEXTENTS 1 MAXEXTENTS 2147483645
  PCTINCREASE 0 FREELISTS 1 FREELIST GROUPS 1
  BUFFER_POOL DEFAULT FLASH_CACHE DEFAULT CELL_FLASH_CACHE DEFAULT)
  TABLESPACE "USERS" ;
--------------------------------------------------------
--  DDL for Table EXEMPLAIRE
--------------------------------------------------------

  CREATE TABLE "MALAK"."EXEMPLAIRE" 
   (	"NUMEXEMPLAIRE" NUMBER, 
	"NUMFILM" VARCHAR2(20 BYTE), 
	"CODESUPPORT" VARCHAR2(20 BYTE), 
	"VO" VARCHAR2(20 BYTE), 
	"PROBLEME" VARCHAR2(20 BYTE), 
	"DETAILSUPPORT" VARCHAR2(20 BYTE)
   ) SEGMENT CREATION IMMEDIATE 
  PCTFREE 10 PCTUSED 40 INITRANS 1 MAXTRANS 255 
 NOCOMPRESS LOGGING
  STORAGE(INITIAL 65536 NEXT 1048576 MINEXTENTS 1 MAXEXTENTS 2147483645
  PCTINCREASE 0 FREELISTS 1 FREELIST GROUPS 1
  BUFFER_POOL DEFAULT FLASH_CACHE DEFAULT CELL_FLASH_CACHE DEFAULT)
  TABLESPACE "USERS" ;
--------------------------------------------------------
--  DDL for Table INDIVIDU
--------------------------------------------------------

  CREATE TABLE "MALAK"."INDIVIDU" 
   (	"NUMINDIVIDU" VARCHAR2(20 BYTE), 
	"NOMINDIVIDU" VARCHAR2(20 BYTE), 
	"PRENOMINDIVIDU" VARCHAR2(20 BYTE)
   ) SEGMENT CREATION IMMEDIATE 
  PCTFREE 10 PCTUSED 40 INITRANS 1 MAXTRANS 255 
 NOCOMPRESS LOGGING
  STORAGE(INITIAL 65536 NEXT 1048576 MINEXTENTS 1 MAXEXTENTS 2147483645
  PCTINCREASE 0 FREELISTS 1 FREELIST GROUPS 1
  BUFFER_POOL DEFAULT FLASH_CACHE DEFAULT CELL_FLASH_CACHE DEFAULT)
  TABLESPACE "USERS" ;
--------------------------------------------------------
--  DDL for Table LOCATION
--------------------------------------------------------

  CREATE TABLE "MALAK"."LOCATION" 
   (	"NUMEXEMPLAIRE" NUMBER, 
	"DATELOCATION" DATE, 
	"LOGIN" VARCHAR2(20 BYTE), 
	"DATEENVOI" DATE, 
	"DATERETOUR" DATE
   ) SEGMENT CREATION IMMEDIATE 
  PCTFREE 10 PCTUSED 40 INITRANS 1 MAXTRANS 255 
 NOCOMPRESS LOGGING
  STORAGE(INITIAL 65536 NEXT 1048576 MINEXTENTS 1 MAXEXTENTS 2147483645
  PCTINCREASE 0 FREELISTS 1 FREELIST GROUPS 1
  BUFFER_POOL DEFAULT FLASH_CACHE DEFAULT CELL_FLASH_CACHE DEFAULT)
  TABLESPACE "USERS" ;
REM INSERTING into MALAK.TABLEBONUS
SET DEFINE OFF;
Insert into MALAK.TABLEBONUS (LOGIN,BONUS,NBREXLOUES) values ('14',null,1);
Insert into MALAK.TABLEBONUS (LOGIN,BONUS,NBREXLOUES) values ('12',null,2);
Insert into MALAK.TABLEBONUS (LOGIN,BONUS,NBREXLOUES) values ('11',null,3);
Insert into MALAK.TABLEBONUS (LOGIN,BONUS,NBREXLOUES) values ('14',0.1,1);
Insert into MALAK.TABLEBONUS (LOGIN,BONUS,NBREXLOUES) values ('12',0.2,2);
Insert into MALAK.TABLEBONUS (LOGIN,BONUS,NBREXLOUES) values ('11',0.4,3);
REM INSERTING into MALAK.STATISTIQUES
SET DEFINE OFF;
REM INSERTING into MALAK.LOCATION
SET DEFINE OFF;
Insert into MALAK.LOCATION (NUMEXEMPLAIRE,DATELOCATION,LOGIN,DATEENVOI,DATERETOUR) values (2,to_date('23-APR-20','DD-MON-RR'),'12',to_date('24-APR-20','DD-MON-RR'),to_date('27-APR-19','DD-MON-RR'));
Insert into MALAK.LOCATION (NUMEXEMPLAIRE,DATELOCATION,LOGIN,DATEENVOI,DATERETOUR) values (3,to_date('30-JUL-20','DD-MON-RR'),'11',to_date('31-JUL-20','DD-MON-RR'),to_date('07-AUG-20','DD-MON-RR'));
Insert into MALAK.LOCATION (NUMEXEMPLAIRE,DATELOCATION,LOGIN,DATEENVOI,DATERETOUR) values (1,to_date('26-APR-18','DD-MON-RR'),'14',to_date('27-APR-18','DD-MON-RR'),to_date('30-APR-18','DD-MON-RR'));
Insert into MALAK.LOCATION (NUMEXEMPLAIRE,DATELOCATION,LOGIN,DATEENVOI,DATERETOUR) values (1,to_date('23-APR-20','DD-MON-RR'),'14',to_date('24-APR-20','DD-MON-RR'),to_date('30-APR-20','DD-MON-RR'));
REM INSERTING into MALAK.INDIVIDU
SET DEFINE OFF;
Insert into MALAK.INDIVIDU (NUMINDIVIDU,NOMINDIVIDU,PRENOMINDIVIDU) values ('1091','abbessi','lina');
Insert into MALAK.INDIVIDU (NUMINDIVIDU,NOMINDIVIDU,PRENOMINDIVIDU) values ('1111','hamed','amen');
Insert into MALAK.INDIVIDU (NUMINDIVIDU,NOMINDIVIDU,PRENOMINDIVIDU) values ('1081','lina','mouradi');
REM INSERTING into MALAK.FILM
SET DEFINE OFF;
Insert into MALAK.FILM (NUMFILM,TITRE,REALISATEUR) values ('12121','1111','1091');
Insert into MALAK.FILM (NUMFILM,TITRE,REALISATEUR) values ('10888888888881','lina','1081');
Insert into MALAK.FILM (NUMFILM,TITRE,REALISATEUR) values ('121212','marina','1091');
REM INSERTING into MALAK.EXEMPLAIRE
SET DEFINE OFF;
Insert into MALAK.EXEMPLAIRE (NUMEXEMPLAIRE,NUMFILM,CODESUPPORT,VO,PROBLEME,DETAILSUPPORT) values (4,'121212','200',null,null,null);
Insert into MALAK.EXEMPLAIRE (NUMEXEMPLAIRE,NUMFILM,CODESUPPORT,VO,PROBLEME,DETAILSUPPORT) values (1,'121212','200',null,null,null);
Insert into MALAK.EXEMPLAIRE (NUMEXEMPLAIRE,NUMFILM,CODESUPPORT,VO,PROBLEME,DETAILSUPPORT) values (2,'12121','300',null,null,null);
Insert into MALAK.EXEMPLAIRE (NUMEXEMPLAIRE,NUMFILM,CODESUPPORT,VO,PROBLEME,DETAILSUPPORT) values (3,null,'400',null,null,null);
REM INSERTING into MALAK.CLIENT
SET DEFINE OFF;
Insert into MALAK.CLIENT (LOGIN,NOMCLIENT,PRENOMCLIENT,MOTDEPASSE,ADRESSE) values ('11','Rjab','Ahmed','123456789','bardoo');
Insert into MALAK.CLIENT (LOGIN,NOMCLIENT,PRENOMCLIENT,MOTDEPASSE,ADRESSE) values ('14','Amor','Mohamed','123456','LAC');
Insert into MALAK.CLIENT (LOGIN,NOMCLIENT,PRENOMCLIENT,MOTDEPASSE,ADRESSE) values ('12','Ben Mrad','Khalil','123456789','Nasr');
--------------------------------------------------------
--  DDL for Index LOCATION_PK
--------------------------------------------------------

  CREATE UNIQUE INDEX "MALAK"."LOCATION_PK" ON "MALAK"."LOCATION" ("NUMEXEMPLAIRE", "DATELOCATION") 
  PCTFREE 10 INITRANS 2 MAXTRANS 255 COMPUTE STATISTICS 
  STORAGE(INITIAL 65536 NEXT 1048576 MINEXTENTS 1 MAXEXTENTS 2147483645
  PCTINCREASE 0 FREELISTS 1 FREELIST GROUPS 1
  BUFFER_POOL DEFAULT FLASH_CACHE DEFAULT CELL_FLASH_CACHE DEFAULT)
  TABLESPACE "USERS" ;
--------------------------------------------------------
--  DDL for Index INDIVIDU_PK
--------------------------------------------------------

  CREATE UNIQUE INDEX "MALAK"."INDIVIDU_PK" ON "MALAK"."INDIVIDU" ("NUMINDIVIDU") 
  PCTFREE 10 INITRANS 2 MAXTRANS 255 COMPUTE STATISTICS 
  STORAGE(INITIAL 65536 NEXT 1048576 MINEXTENTS 1 MAXEXTENTS 2147483645
  PCTINCREASE 0 FREELISTS 1 FREELIST GROUPS 1
  BUFFER_POOL DEFAULT FLASH_CACHE DEFAULT CELL_FLASH_CACHE DEFAULT)
  TABLESPACE "USERS" ;
--------------------------------------------------------
--  DDL for Index FILM_PK
--------------------------------------------------------

  CREATE UNIQUE INDEX "MALAK"."FILM_PK" ON "MALAK"."FILM" ("NUMFILM") 
  PCTFREE 10 INITRANS 2 MAXTRANS 255 COMPUTE STATISTICS 
  STORAGE(INITIAL 65536 NEXT 1048576 MINEXTENTS 1 MAXEXTENTS 2147483645
  PCTINCREASE 0 FREELISTS 1 FREELIST GROUPS 1
  BUFFER_POOL DEFAULT FLASH_CACHE DEFAULT CELL_FLASH_CACHE DEFAULT)
  TABLESPACE "USERS" ;
--------------------------------------------------------
--  DDL for Index EXEMPLAIRE_PK
--------------------------------------------------------

  CREATE UNIQUE INDEX "MALAK"."EXEMPLAIRE_PK" ON "MALAK"."EXEMPLAIRE" ("NUMEXEMPLAIRE") 
  PCTFREE 10 INITRANS 2 MAXTRANS 255 COMPUTE STATISTICS 
  STORAGE(INITIAL 65536 NEXT 1048576 MINEXTENTS 1 MAXEXTENTS 2147483645
  PCTINCREASE 0 FREELISTS 1 FREELIST GROUPS 1
  BUFFER_POOL DEFAULT FLASH_CACHE DEFAULT CELL_FLASH_CACHE DEFAULT)
  TABLESPACE "USERS" ;
--------------------------------------------------------
--  DDL for Index CLIENT_PK
--------------------------------------------------------

  CREATE UNIQUE INDEX "MALAK"."CLIENT_PK" ON "MALAK"."CLIENT" ("LOGIN") 
  PCTFREE 10 INITRANS 2 MAXTRANS 255 COMPUTE STATISTICS 
  STORAGE(INITIAL 65536 NEXT 1048576 MINEXTENTS 1 MAXEXTENTS 2147483645
  PCTINCREASE 0 FREELISTS 1 FREELIST GROUPS 1
  BUFFER_POOL DEFAULT FLASH_CACHE DEFAULT CELL_FLASH_CACHE DEFAULT)
  TABLESPACE "USERS" ;
--------------------------------------------------------
--  Constraints for Table TABLEBONUS
--------------------------------------------------------

  ALTER TABLE "MALAK"."TABLEBONUS" MODIFY ("LOGIN" NOT NULL ENABLE);
--------------------------------------------------------
--  Constraints for Table STATISTIQUES
--------------------------------------------------------

  ALTER TABLE "MALAK"."STATISTIQUES" MODIFY ("NUMFILM" NOT NULL ENABLE);
--------------------------------------------------------
--  Constraints for Table LOCATION
--------------------------------------------------------

  ALTER TABLE "MALAK"."LOCATION" MODIFY ("NUMEXEMPLAIRE" NOT NULL ENABLE);
  ALTER TABLE "MALAK"."LOCATION" MODIFY ("DATELOCATION" NOT NULL ENABLE);
  ALTER TABLE "MALAK"."LOCATION" ADD CONSTRAINT "LOCATION_PK" PRIMARY KEY ("NUMEXEMPLAIRE", "DATELOCATION")
  USING INDEX PCTFREE 10 INITRANS 2 MAXTRANS 255 COMPUTE STATISTICS 
  STORAGE(INITIAL 65536 NEXT 1048576 MINEXTENTS 1 MAXEXTENTS 2147483645
  PCTINCREASE 0 FREELISTS 1 FREELIST GROUPS 1
  BUFFER_POOL DEFAULT FLASH_CACHE DEFAULT CELL_FLASH_CACHE DEFAULT)
  TABLESPACE "USERS"  ENABLE;
--------------------------------------------------------
--  Constraints for Table INDIVIDU
--------------------------------------------------------

  ALTER TABLE "MALAK"."INDIVIDU" MODIFY ("NOMINDIVIDU" NOT NULL ENABLE);
  ALTER TABLE "MALAK"."INDIVIDU" MODIFY ("PRENOMINDIVIDU" NOT NULL ENABLE);
  ALTER TABLE "MALAK"."INDIVIDU" MODIFY ("NUMINDIVIDU" NOT NULL ENABLE);
  ALTER TABLE "MALAK"."INDIVIDU" ADD CONSTRAINT "INDIVIDU_PK" PRIMARY KEY ("NUMINDIVIDU")
  USING INDEX PCTFREE 10 INITRANS 2 MAXTRANS 255 COMPUTE STATISTICS 
  STORAGE(INITIAL 65536 NEXT 1048576 MINEXTENTS 1 MAXEXTENTS 2147483645
  PCTINCREASE 0 FREELISTS 1 FREELIST GROUPS 1
  BUFFER_POOL DEFAULT FLASH_CACHE DEFAULT CELL_FLASH_CACHE DEFAULT)
  TABLESPACE "USERS"  ENABLE;
--------------------------------------------------------
--  Constraints for Table FILM
--------------------------------------------------------

  ALTER TABLE "MALAK"."FILM" MODIFY ("NUMFILM" NOT NULL ENABLE);
  ALTER TABLE "MALAK"."FILM" MODIFY ("TITRE" NOT NULL ENABLE);
  ALTER TABLE "MALAK"."FILM" MODIFY ("REALISATEUR" NOT NULL ENABLE);
  ALTER TABLE "MALAK"."FILM" ADD CONSTRAINT "FILM_PK" PRIMARY KEY ("NUMFILM")
  USING INDEX PCTFREE 10 INITRANS 2 MAXTRANS 255 COMPUTE STATISTICS 
  STORAGE(INITIAL 65536 NEXT 1048576 MINEXTENTS 1 MAXEXTENTS 2147483645
  PCTINCREASE 0 FREELISTS 1 FREELIST GROUPS 1
  BUFFER_POOL DEFAULT FLASH_CACHE DEFAULT CELL_FLASH_CACHE DEFAULT)
  TABLESPACE "USERS"  ENABLE;
--------------------------------------------------------
--  Constraints for Table EXEMPLAIRE
--------------------------------------------------------

  ALTER TABLE "MALAK"."EXEMPLAIRE" ADD CONSTRAINT "EXEMPLAIRE_PK" PRIMARY KEY ("NUMEXEMPLAIRE")
  USING INDEX PCTFREE 10 INITRANS 2 MAXTRANS 255 COMPUTE STATISTICS 
  STORAGE(INITIAL 65536 NEXT 1048576 MINEXTENTS 1 MAXEXTENTS 2147483645
  PCTINCREASE 0 FREELISTS 1 FREELIST GROUPS 1
  BUFFER_POOL DEFAULT FLASH_CACHE DEFAULT CELL_FLASH_CACHE DEFAULT)
  TABLESPACE "USERS"  ENABLE;
--------------------------------------------------------
--  Constraints for Table CLIENT
--------------------------------------------------------

  ALTER TABLE "MALAK"."CLIENT" MODIFY ("LOGIN" NOT NULL ENABLE);
  ALTER TABLE "MALAK"."CLIENT" MODIFY ("NOMCLIENT" NOT NULL ENABLE);
  ALTER TABLE "MALAK"."CLIENT" MODIFY ("PRENOMCLIENT" NOT NULL ENABLE);
  ALTER TABLE "MALAK"."CLIENT" MODIFY ("MOTDEPASSE" NOT NULL ENABLE);
  ALTER TABLE "MALAK"."CLIENT" MODIFY ("ADRESSE" NOT NULL ENABLE);
  ALTER TABLE "MALAK"."CLIENT" ADD CONSTRAINT "CLIENT_PK" PRIMARY KEY ("LOGIN")
  USING INDEX PCTFREE 10 INITRANS 2 MAXTRANS 255 COMPUTE STATISTICS 
  STORAGE(INITIAL 65536 NEXT 1048576 MINEXTENTS 1 MAXEXTENTS 2147483645
  PCTINCREASE 0 FREELISTS 1 FREELIST GROUPS 1
  BUFFER_POOL DEFAULT FLASH_CACHE DEFAULT CELL_FLASH_CACHE DEFAULT)
  TABLESPACE "USERS"  ENABLE;
--------------------------------------------------------
--  Ref Constraints for Table TABLEBONUS
--------------------------------------------------------

  ALTER TABLE "MALAK"."TABLEBONUS" ADD FOREIGN KEY ("LOGIN")
	  REFERENCES "MALAK"."CLIENT" ("LOGIN") ENABLE;
--------------------------------------------------------
--  Ref Constraints for Table STATISTIQUES
--------------------------------------------------------

  ALTER TABLE "MALAK"."STATISTIQUES" ADD FOREIGN KEY ("NUMFILM")
	  REFERENCES "MALAK"."FILM" ("NUMFILM") ENABLE;
--------------------------------------------------------
--  Ref Constraints for Table LOCATION
--------------------------------------------------------

  ALTER TABLE "MALAK"."LOCATION" ADD CONSTRAINT "FK2" FOREIGN KEY ("NUMEXEMPLAIRE")
	  REFERENCES "MALAK"."EXEMPLAIRE" ("NUMEXEMPLAIRE") ENABLE;
  ALTER TABLE "MALAK"."LOCATION" ADD CONSTRAINT "FK21" FOREIGN KEY ("LOGIN")
	  REFERENCES "MALAK"."CLIENT" ("LOGIN") ENABLE;
--------------------------------------------------------
--  Ref Constraints for Table FILM
--------------------------------------------------------

  ALTER TABLE "MALAK"."FILM" ADD CONSTRAINT "FK1" FOREIGN KEY ("REALISATEUR")
	  REFERENCES "MALAK"."INDIVIDU" ("NUMINDIVIDU") ENABLE;
--------------------------------------------------------
--  Ref Constraints for Table EXEMPLAIRE
--------------------------------------------------------

  ALTER TABLE "MALAK"."EXEMPLAIRE" ADD CONSTRAINT "FK" FOREIGN KEY ("NUMFILM")
	  REFERENCES "MALAK"."FILM" ("NUMFILM") ON DELETE CASCADE ENABLE;
